Pump Name,X coordinate,Y coordinate
Broad St.,51.513341,-0.136668
Crown Chapel,51.513876,-0.139586
Gt Marlborough,51.514906,-0.139671
Dean St.,51.512354,-0.13163
So Soho,51.512139,-0.133594
Briddle St.,51.511542,-0.135919
Coventry St.,51.510019,-0.133962
Warwick,51.511295,-0.138199
